{
  "cameras": {
    "1": {
      "model": "SIMPLE_RADIAL",
      "width": 474,
      "height": 576,
      "params": [
        691.1999999999999,
        237.0,
        288.0,
        -0.2176963315527408
      ]
    },
    "3": {
      "model": "SIMPLE_RADIAL",
      "width": 474,
      "height": 401,
      "params": [
        568.8,
        237.0,
        200.5,
        -0.019868841942137463
      ]
    },
    "81": {
      "model": "SIMPLE_RADIAL",
      "width": 474,
      "height": 474,
      "params": [
        568.8,
        237.0,
        237.0,
        -3.4019051731858423
      ]
    },
    "4": {
      "model": "SIMPLE_RADIAL",
      "width": 474,
      "height": 446,
      "params": [
        568.8,
        237.0,
        223.0,
        -0.5527754777737715
      ]
    },
    "14": {
      "model": "SIMPLE_RADIAL",
      "width": 160,
      "height": 196,
      "params": [
        235.2,
        80.0,
        98.0,
        -0.43196729750735996
      ]
    },
    "43": {
      "model": "SIMPLE_RADIAL",
      "width": 474,
      "height": 592,
      "params": [
        710.4,
        237.0,
        296.0,
        -0.565344031380754
      ]
    },
    "25": {
      "model": "SIMPLE_RADIAL",
      "width": 474,
      "height": 520,
      "params": [
        624.0,
        237.0,
        260.0,
        0.08442232592058899
      ]
    },
    "77": {
      "model": "SIMPLE_RADIAL",
      "width": 474,
      "height": 585,
      "params": [
        702.0,
        237.0,
        292.5,
        -3.2049796074916497
      ]
    },
    "26": {
      "model": "SIMPLE_RADIAL",
      "width": 474,
      "height": 474,
      "params": [
        568.8,
        237.0,
        237.0,
        -0.16864923758130473
      ]
    },
    "94": {
      "model": "SIMPLE_RADIAL",
      "width": 474,
      "height": 568,
      "params": [
        681.6,
        237.0,
        284.0,
        0.03848000228121769
      ]
    },
    "36": {
      "model": "SIMPLE_RADIAL",
      "width": 474,
      "height": 474,
      "params": [
        568.8,
        237.0,
        237.0,
        0.048321020071187014
      ]
    },
    "50": {
      "model": "SIMPLE_RADIAL",
      "width": 474,
      "height": 474,
      "params": [
        568.8,
        237.0,
        237.0,
        0.12192623070505763
      ]
    },
    "73": {
      "model": "SIMPLE_RADIAL",
      "width": 474,
      "height": 474,
      "params": [
        568.8,
        237.0,
        237.0,
        -0.533637471891137
      ]
    },
    "87": {
      "model": "SIMPLE_RADIAL",
      "width": 474,
      "height": 395,
      "params": [
        568.8,
        237.0,
        197.5,
        0.26159337594699644
      ]
    }
  },
  "images": {
    "001_c04300ef.jpg": {
      "camera_id": 1,
      "quaternion": [
        0.9999524132381633,
        -0.006615057739737716,
        -0.0071449223834985885,
        -0.0006019588086225873
      ],
      "translation": [
        2.8062984665211066,
        -0.33580119158614585,
        -1.4991726405754986
      ],
      "position": [
        -2.7849485609860922,
        0.31230750641888333,
        1.5434110482355035
      ],
      "transformation_matrix": [
        [
          0.999897175459453,
          0.001298388474929827,
          -0.014281200775005602,
          2.8062984665211066
        ],
        [
          -0.0011093321784786765,
          0.9999117573133853,
          0.01323808779905238,
          -0.33580119158614585
        ],
        [
          0.01429712874410953,
          -0.013220884003189695,
          0.9998103821904674,
          -1.4991726405754986
        ],
        [
          0.0,
          0.0,
          0.0,
          1.0
        ]
      ]
    },
    "003_7a6b2156.jpg": {
      "camera_id": 3,
      "quaternion": [
        0.9955709027016417,
        0.027795492604097135,
        0.07772805536319195,
        -0.044992640444748544
      ],
      "translation": [
        -1.8407536392470454,
        0.6152391194972805,
        0.6360385832669113
      ],
      "position": [
        1.963546471408343,
        -0.4696893203515558,
        -0.308731940253594
      ],
      "transformation_matrix": [
        [
          0.9838680234305323,
          0.09390770650097431,
          0.15226639527691077,
          -1.8407536392470454
        ],
        [
          -0.0852657481490605,
          0.9944061457934104,
          -0.06233914822064679,
          0.6152391194972805
        ],
        [
          -0.157268765695794,
          0.04835038643094437,
          0.9863715200007043,
          0.6360385832669113
        ],
        [
          0.0,
          0.0,
          0.0,
          1.0
        ]
      ]
    },
    "081_4d677d83.jpg": {
      "camera_id": 81,
      "quaternion": [
        0.9864812430295858,
        -0.05269939164522547,
        -0.1375986854794462,
        -0.07172261167410794
      ],
      "translation": [
        6.647451832757119,
        -3.8465723672575067,
        -0.20404258993883845
      ],
      "position": [
        -6.758935378611025,
        2.7313837724132526,
        2.425428510478454
      ],
      "transformation_matrix": [
        [
          0.9518449374579471,
          0.15600875626710364,
          -0.2639175685771378,
          6.647451832757119
        ],
        [
          -0.12700328820330553,
          0.9841572821897365,
          0.12371179692519005,
          -3.8465723672575067
        ],
        [
          0.2790365205868667,
          -0.08423604858314993,
          0.9565787517491031,
          -0.20404258993883845
        ],
        [
          0.0,
          0.0,
          0.0,
          1.0
        ]
      ]
    },
    "050_3e39c960.jpg": {
      "camera_id": 50,
      "quaternion": [
        0.9834516207897877,
        0.1453818545540917,
        0.10804268786906347,
        0.003715310267103527
      ],
      "translation": [
        -1.4380942482024928,
        1.1763728271299054,
        7.074635403655509
      ],
      "position": [
        2.854712760413964,
        -3.120630635444077,
        -5.967806438083948
      ],
      "transformation_matrix": [
        [
          0.9766259481352946,
          0.024107236858986823,
          0.21358979039238193,
          -1.4380942482024928
        ],
        [
          0.038722548474666434,
          0.9577006256720642,
          -0.2851492167742425,
          1.1763728271299054
        ],
        [
          -0.21142923560488044,
          0.28675486520434407,
          0.934381787928882,
          7.074635403655509
        ],
        [
          0.0,
          0.0,
          0.0,
          1.0
        ]
      ]
    },
    "004_777c50d0.jpg": {
      "camera_id": 4,
      "quaternion": [
        0.9961272431273627,
        0.0753641098554109,
        0.045248999385197934,
        0.0018150757064793932
      ],
      "translation": [
        0.526371831712031,
        0.965833097534092,
        3.08659827972264
      ],
      "position": [
        -0.2568879697398611,
        -1.4204846783943135,
        -2.9416358828632876
      ],
      "transformation_matrix": [
        [
          0.9958984671096363,
          0.003204208401901418,
          0.0904211051535759,
          0.526371831712031
        ],
        [
          0.01043639384015249,
          0.9886339128917626,
          -0.14998022524298316,
          0.965833097534092
        ],
        [
          -0.0898739388938199,
          0.15030874668108946,
          0.9845455580006798,
          3.08659827972264
        ],
        [
          0.0,
          0.0,
          0.0,
          1.0
        ]
      ]
    },
    "014_871b0d80.jpg": {
      "camera_id": 14,
      "quaternion": [
        0.9975038271012159,
        -0.057333059157070904,
        0.040369612610541526,
        -0.0083264412442627
      ],
      "translation": [
        -0.6533381192781702,
        -2.0823479657821387,
        -4.223301564385842
      ],