{
  "cameras": {
    "92": {
      "model": "SIMPLE_RADIAL",
      "width": 474,
      "height": 568,
      "params": [
        681.6,
        237.0,
        284.0,
        0.6600486022793733
      ]
    },
    "84": {
      "model": "SIMPLE_RADIAL",
      "width": 474,
      "height": 474,
      "params": [
        568.8,
        237.0,
        237.0,
        0.9678661111291073
      ]
    },
    "71": {
      "model": "SIMPLE_RADIAL",
      "width": 474,
      "height": 507,
      "params": [
        608.4,
        237.0,
        253.5,
        -0.91801761646801
      ]
    },
    "43": {
      "model": "SIMPLE_RADIAL",
      "width": 474,
      "height": 474,
      "params": [
        568.8,
        237.0,
        237.0,
        1.283745233614094
      ]
    },
    "23": {
      "model": "SIMPLE_RADIAL",
      "width": 474,
      "height": 463,
      "params": [
        568.8,
        237.0,
        231.5,
        0.0023719139446257242
      ]
    },
    "98": {
      "model": "SIMPLE_RADIAL",
      "width": 474,
      "height": 474,
      "params": [
        568.8,
        237.0,
        237.0,
        1.0688790732791087
      ]
    },
    "20": {
      "model": "SIMPLE_RADIAL",
      "width": 474,
      "height": 588,
      "params": [
        705.6,
        237.0,
        294.0,
        0.2342897473938549
      ]
    },
    "99": {
      "model": "SIMPLE_RADIAL",
      "width": 474,
      "height": 529,
      "params": [
        634.8,
        237.0,
        264.5,
        -1.138192436444823
      ]
    },
    "8": {
      "model": "SIMPLE_RADIAL",
      "width": 474,
      "height": 568,
      "params": [
        681.6,
        237.0,
        284.0,
        2.385954293269829
      ]
    },
    "94": {
      "model": "SIMPLE_RADIAL",
      "width": 474,
      "height": 474,
      "params": [
        568.8,
        237.0,
        237.0,
        0.3749764444273323
      ]
    },
    "3": {
      "model": "SIMPLE_RADIAL",
      "width": 474,
      "height": 479,
      "params": [
        574.8,
        237.0,
        239.5,
        -1.3551855538528261
      ]
    },
    "2": {
      "model": "SIMPLE_RADIAL",
      "width": 474,
      "height": 568,
      "params": [
        681.6,
        237.0,
        284.0,
        0.26289876336862367
      ]
    }
  },
  "images": {
    "092_7716bdbb.jpg": {
      "camera_id": 92,
      "quaternion": [
        0.9952475884029226,
        0.05791800350898523,
        -0.035815295840432075,
        0.06960608616753525
      ],
      "translation": [
        1.0959186033045405,
        -1.8734695172282065,
        3.3010065039082246
      ],
      "position": [
        -1.092634750331573,
        1.6350336411112805,
        -3.426424353564356
      ],
      "transformation_matrix": [
        [
          0.9877445147046,
          -0.14269927965313395,
          -0.06322728254045842,
          1.0959186033045405
        ],
        [
          0.13440187793248798,
          0.9836009952759417,
          -0.12027143177162888,
          -1.8734695172282065
        ],
        [
          0.07935306471205056,
          0.11029958149808936,
          0.990725538906791,
          3.3010065039082246
        ],
        [
          0.0,
          0.0,
          0.0,
          1.0
        ]
      ]
    },
    "043_f14565e2.jpg": {
      "camera_id": 43,
      "quaternion": [
        0.9969625594731483,
        -0.0402849846815862,
        -0.029171881064038795,
        0.05993143059479946
      ],
      "translation": [
        0.6896496052937486,
        -3.0127999490396618,
        -1.8750565809861675
      ],
      "position": [
        -0.21640300924111527,
        2.90499912381864,
        2.140693140344751
      ],
      "transformation_matrix": [
        [
          0.9911144499640926,
          -0.11714840731376151,
          -0.06299521994741486,
          0.6896496052937486
        ],
        [
          0.12184916244095294,
          0.9895706872721302,
          0.07682861774236313,
          -3.0127999490396618
        ],
        [
          0.053337872893586685,
          -0.08382186800359986,
          0.9950522427287799,
          -1.8750565809861675
        ],
        [
          0.0,
          0.0,
          0.0,
          1.0
        ]
      ]
    },
    "023_06dbacd1.jpg": {
      "camera_id": 23,
      "quaternion": [
        0.9991126303657829,
        0.019133807464997862,
        -0.03750446383047594,
        0.0011244768772504811
      ],
      "translation": [
        1.080179649982579,
        -1.7175793708794087,
        -0.030780487671295795
      ],
      "position": [
        -1.0734358546193254,
        1.721469060349126,
        0.04576188596038025
      ],
      "transformation_matrix": [
        [
          0.9971843014890821,
          -0.0036821644812510654,
          -0.07489933596811406,
          1.080179649982579
        ],
        [
          0.0008117517212098539,
          0.9992652659272898,
          -0.03831800321527502,
          -1.7175793708794087
        ],
        [
          0.07498539806438666,
          0.03814931160579084,
          0.9964546252093619,
          -0.030780487671295795
        ],
        [
          0.0,
          0.0,
          0.0,
          1.0
        ]
      ]
    },
    "098_f4f39b7c.jpg": {
      "camera_id": 98,
      "quaternion": [
        0.9961029156454612,
        0.08463119083077332,
        0.02456525820142851,
        0.0036181584644194627
      ],
      "translation": [
        -0.8979483177190005,
        1.6100658683969653,
        -2.0364957040642526
      ],
      "position": [
        0.7801239363682457,
        -1.2459777967151675,
        2.3205352849162932
      ],
      "transformation_matrix": [
        [
          0.998766914037647,
          -0.003050142282046432,
          0.04955146875496955,
          -0.8979483177190005
        ],
        [
          0.011366090500655695,
          0.9856489409357831,
          -0.16842498988837715,
          1.6100658683969653
        ],
        [
          -0.0483266325171365,
          0.16878051387594575,
          0.9844682192561247,
          -2.0364957040642526
        ],
        [
          0.0,
          0.0,
          0.0,
          1.0
        ]
      ]
    },
    "020_a7a653f4.jpg": {
      "camera_id": 20,
      "quaternion": [
        0.9945679760774301,
        0.10251161006713566,
        -0.016794491783103705,
        -0.006622371813437518
      ],
      "translation": [
        0.05711149187972279,
        1.0017574082036738,
        2.261893516753153
      ],
      "position": [
        -0.11291994999573154,
        -1.4428957891264151,
        -2.007048264277627
      ],
      "transformation_matrix": [
        [
          0.9993481784746236,
          0.009729537076755064,
          -0.03476426739805836,
          0.05711149187972279
        ],
        [
          -0.016616058648536026,
          0.9788950279860162,
          -0.20368709035980878,
          1.0017574082036738
        ],
        [
          0.032048787409823566,
          0.2041319678358305,
          0.9784186296943815,
          2.261893516753153
        ],
        [
          0.0,
          0.0,
          0.0,
          1.0
        ]
      ]
    },
    "084_25462eb9.jpg": {
      "camera_id": 84,
      "quaternion": [
        0.996989064979403,
        0.06829844191802438,
        -0.004837769257822325,
        0.036396746168772615
      ],
      "translation": [
        -0.6384217270146685,
        -2.983263063769843,
        9.274598179705698
      ],
      "position": [
        0.7156603488744442,
        1.640971657667438,
        -9.597950535815402
      ],