{
  "cameras": {
    "88": {
      "model": "SIMPLE_RADIAL",
      "width": 474,
      "height": 474,
      "params": [
        568.8,
        237.0,
        237.0,
        -0.36324897117207877
      ]
    },
    "5": {
      "model": "SIMPLE_RADIAL",
      "width": 474,
      "height": 495,
      "params": [
        594.0,
        237.0,
        247.5,
        -0.5010657305086631
      ]
    },
    "89": {
      "model": "SIMPLE_RADIAL",
      "width": 474,
      "height": 474,
      "params": [
        568.8,
        237.0,
        237.0,
        -0.18631578070389238
      ]
    },
    "31": {
      "model": "SIMPLE_RADIAL",
      "width": 474,
      "height": 521,
      "params": [
        625.1999999999999,
        237.0,
        260.5,
        -0.6277878474900346
      ]
    },
    "8": {
      "model": "SIMPLE_RADIAL",
      "width": 474,
      "height": 568,
      "params": [
        681.6,
        237.0,
        284.0,
        -0.5430195838886166
      ]
    },
    "47": {
      "model": "SIMPLE_RADIAL",
      "width": 474,
      "height": 474,
      "params": [
        568.8,
        237.0,
        237.0,
        0.07414172512228098
      ]
    },
    "11": {
      "model": "SIMPLE_RADIAL",
      "width": 474,
      "height": 474,
      "params": [
        568.8,
        237.0,
        237.0,
        0.05543936045327075
      ]
    },
    "82": {
      "model": "SIMPLE_RADIAL",
      "width": 474,
      "height": 474,
      "params": [
        568.8,
        237.0,
        237.0,
        -1.5521003490377852
      ]
    },
    "24": {
      "model": "SIMPLE_RADIAL",
      "width": 474,
      "height": 545,
      "params": [
        654.0,
        237.0,
        272.5,
        -0.18847308373654723
      ]
    },
    "13": {
      "model": "SIMPLE_RADIAL",
      "width": 474,
      "height": 474,
      "params": [
        568.8,
        237.0,
        237.0,
        0.13324208366553772
      ]
    },
    "78": {
      "model": "SIMPLE_RADIAL",
      "width": 474,
      "height": 592,
      "params": [
        710.4,
        237.0,
        296.0,
        -2.2599180288427303
      ]
    },
    "20": {
      "model": "SIMPLE_RADIAL",
      "width": 474,
      "height": 474,
      "params": [
        568.8,
        237.0,
        237.0,
        -0.5291314835732913
      ]
    },
    "23": {
      "model": "SIMPLE_RADIAL",
      "width": 474,
      "height": 474,
      "params": [
        568.8,
        237.0,
        237.0,
        -0.45730598079710666
      ]
    },
    "28": {
      "model": "SIMPLE_RADIAL",
      "width": 474,
      "height": 468,
      "params": [
        568.8,
        237.0,
        234.0,
        1.0764849676903736
      ]
    },
    "61": {
      "model": "SIMPLE_RADIAL",
      "width": 474,
      "height": 545,
      "params": [
        654.0,
        237.0,
        272.5,
        -0.8343176150986382
      ]
    },
    "16": {
      "model": "SIMPLE_RADIAL",
      "width": 474,
      "height": 407,
      "params": [
        568.8,
        237.0,
        203.5,
        -1.2399519805560502
      ]
    },
    "74": {
      "model": "SIMPLE_RADIAL",
      "width": 474,
      "height": 568,
      "params": [
        681.6,
        237.0,
        284.0,
        -0.5998989327997781
      ]
    }
  },
  "images": {
    "088_2ec116fe.jpg": {
      "camera_id": 88,
      "quaternion": [
        1.0,
        0.0,
        0.0,
        0.0
      ],
      "translation": [
        -0.21777985908382205,
        -2.517586096923817,
        6.624999485584444
      ],
      "position": [
        0.21777985908382205,
        2.517586096923817,
        -6.624999485584444
      ],
      "transformation_matrix": [
        [
          1.0,
          0.0,
          0.0,
          -0.21777985908382205
        ],
        [
          0.0,
          1.0,
          0.0,
          -2.517586096923817
        ],
        [
          0.0,
          0.0,
          1.0,
          6.624999485584444
        ],
        [
          0.0,
          0.0,
          0.0,
          1.0
        ]
      ]
    },
    "047_54ea04fa.jpg": {
      "camera_id": 47,
      "quaternion": [
        0.9994981798403433,
        0.00466901753225302,
        0.017984132551938654,
        0.02565462429034219
      ],
      "translation": [
        -0.6472589397912223,
        0.7573246574117775,
        0.1103011893894401
      ],
      "position": [
        0.6109617410165643,
        -0.7905110232730169,
        -0.0804313206537404
      ],
      "transformation_matrix": [
        [
          0.9980368224577514,
          -0.05111556410499503,
          0.03618977928453025,
          -0.6472589397912223
        ],
        [
          0.05145143702574448,
          0.9986400810556098,
          -0.00841059672264369,
          0.7573246574117775
        ],
        [
          -0.03571065172215036,
          0.010256101377874485,
          0.9993095425032756,
          0.1103011893894401
        ],
        [
          0.0,
          0.0,
          0.0,
          1.0
        ]
      ]
    },
    "005_3ba56da0.jpg": {
      "camera_id": 5,
      "quaternion": [
        0.9772012683510075,
        -0.15326975951410812,
        -0.12116341119278297,
        0.08309927640959563
      ],
      "translation": [
        2.2252004477191756,
        -0.97452110708618,
        -2.5730336721108804
      ],
      "position": [
        -1.3909110535799138,
        0.37145444424629026,
        3.232506571591369
      ],
      "transformation_matrix": [
        [
          0.9568278760966604,
          -0.12526806282216194,
          -0.2622752904128346,
          2.2252004477191756
        ],
        [
          0.19955081040386932,
          0.9392057821573782,
          0.27941362319920354,
          -0.97452110708618
        ],
        [
          0.21132886596845413,
          -0.31968799038895784,
          0.9236556172132321,
          -2.5730336721108804
        ],
        [
          0.0,
          0.0,
          0.0,
          1.0
        ]
      ]
    },
    "008_d5553651.jpg": {
      "camera_id": 8,
      "quaternion": [
        0.9960578933633918,
        -0.05236402519186138,
        -0.0416621482131987,
        0.05823184129365782
      ],
      "translation": [
        0.3070944088418594,
        -0.6688411313326598,
        -0.2351806416500443
      ],
      "position": [
        -0.20535398530567076,
        0.6692476079542118,
        0.32695985851149034
      ],
      "transformation_matrix": [
        [
          0.9897466361316234,
          -0.11164137477409836,
          -0.08909433037340334,
          0.3070944088418594
        ],
        [
          0.12036776588843034,
          0.9877341230505127,
          0.09946307403585838,
          -0.6688411313326598
        ],
        [
          0.07689731595552504,
          -0.10916732844667373,
          0.9910445485439351,
          -0.2351806416500443
        ],
        [
          0.0,
          0.0,
          0.0,
          1.0
        ]
      ]
    },
    "061_2de5a089.jpg": {
      "camera_id": 61,
      "quaternion": [
        0.9967157108434942,
        0.010545734989180539,
        0.04268114076912702,
        0.06800661331026546
      ],
      "translation": [
        -0.8739148428611601,
        0.5515011075268135,
        -1.617814861289348
      ],
      "position": [
        0.6520594906542496,
        -0.6205622892286728,
        1.6955607967336381
      ],
      "transformation_matrix": [
        [
          0.987106841537428,
          -0.13466631185602548,
          0.08651628656558684,
          -0.8739148428611601
        ],
        [
          0.136466727854374,
          0.990527776039212,
          -0.015216999820362322,
          0.5515011075268135
        ],
        [
          -0.08364756767965988,
          0.026827399164070433,
          0.9961342153923679,
          -1.617814861289348
        ],
        [
          0.0,
          0.0,
          0.0,
          1.0
        ]
      ]
    },